{
"tagger":"csvL",
"abseb":
{
"ee2jets_1":  {"val":0.841339,"epsb":0.00741512},
"ee2jets_2":  {"val":0.841351,"epsb":0.0034505},
"ee3jets_1":  {"val":0.841333,"epsb":0.0115376},
"ee3jets_2":  {"val":0.841341,"epsb":0.00483046},
"ee4jets_1":  {"val":0.841330,"epsb":0.0200783},
"ee4jets_2":  {"val":0.841335,"epsb":0.00842881},
"emu2jets_1": {"val":0.841341,"epsb":0.00379628},
"emu2jets_2": {"val":0.841349,"epsb":0.00169373},
"emu3jets_1": {"val":0.841333,"epsb":0.00609093},
"emu3jets_2": {"val":0.841339,"epsb":0.00234478},
"emu4jets_1": {"val":0.841326,"epsb":0.0102142},
"emu4jets_2": {"val":0.841334,"epsb":0.00410325},
"mumu2jets_1":{"val":0.841337,"epsb":0.00598657},
"mumu2jets_2":{"val":0.841349,"epsb":0.00279725},
"mumu3jets_1":{"val":0.841333,"epsb":0.00944178},
"mumu3jets_2":{"val":0.841339,"epsb":0.00374516},
"mumu4jets_1":{"val":0.841328,"epsb":0.0184096},
"mumu4jets_2":{"val":0.841336,"epsb":0.00650239}
},
"abseq":
{
"ee2jets_1":  {"val":0.137069,"epsq":0.00757804},
"ee2jets_2":  {"val":0.137147,"epsq":0.00379593},
"ee3jets_1":  {"val":0.13704,"epsq":0.0116339},
"ee3jets_2":  {"val":0.137091,"epsq":0.00506247},
"ee4jets_1":  {"val":0.137085,"epsq":0.0201692},
"ee4jets_2":  {"val":0.137096,"epsq":0.00855529},
"emu2jets_1": {"val":0.137014,"epsq":0.00410356},
"emu2jets_2": {"val":0.137088,"epsq":0.00232243},
"emu3jets_1": {"val":0.137022,"epsq":0.00627195},
"emu3jets_2": {"val":0.137066,"epsq":0.00279171},
"emu4jets_1": {"val":0.137053,"epsq":0.0103021},
"emu4jets_2": {"val":0.137102,"epsq":0.00435679},
"mumu2jets_1":{"val":0.137017,"epsq":0.0061801},
"mumu2jets_2":{"val":0.137113,"epsq":0.00321149},
"mumu3jets_1":{"val":0.137064,"epsq":0.00957092},
"mumu3jets_2":{"val":0.137071,"epsq":0.00403876},
"mumu4jets_1":{"val":0.137065,"epsq":0.0184868},
"mumu4jets_2":{"val":0.137153,"epsq":0.00666807}
},
"abseqstar":
{
"ee2jets_0":  {"val":0.192338,"epsq":0.0165662},
"ee2jets_1":  {"val":0.210895,"epsq":0.00511654},
"ee3jets_0":  {"val":0.183077,"epsq":0.0199356},
"ee3jets_1":  {"val":0.218567,"epsq":0.00550594},
"ee3jets_2":  {"val":0.163825,"epsq":0.0056998},
"ee4jets_0":  {"val":0.134042,"epsq":0.0367178},
"ee4jets_1":  {"val":0.218481,"epsq":0.00767553},
"ee4jets_2":  {"val":0.166561,"epsq":0.00681528},
"emu2jets_0": {"val":0.199802,"epsq":0.00817531},
"emu2jets_1": {"val":0.205207,"epsq":0.00283205},
"emu3jets_0": {"val":0.209221,"epsq":0.00588502},
"emu3jets_1": {"val":0.218034,"epsq":0.0030477},
"emu3jets_2": {"val":0.163838,"epsq":0.00306488},
"emu4jets_0": {"val":0.216572,"epsq":0.0110023},
"emu4jets_1": {"val":0.214222,"epsq":0.00406084},
"emu4jets_2": {"val":0.169097,"epsq":0.00349381},
"mumu2jets_0":{"val":0.191311,"epsq":0.012499},
"mumu2jets_1":{"val":0.195477,"epsq":0.00434333},
"mumu3jets_0":{"val":0.192031,"epsq":0.0138986},
"mumu3jets_1":{"val":0.209874,"epsq":0.00460309},
"mumu3jets_2":{"val":0.164805,"epsq":0.00448081},
"mumu4jets_0":{"val":0.193584,"epsq":0.0253973},
"mumu4jets_1":{"val":0.212498,"epsq":0.00713335},
"mumu4jets_2":{"val":0.167306,"epsq":0.00530713}
}
}