{
"tagger":"csvL",
"abseqstar":
{
"ee2jets_0":{"val":0.204577,"epsq":0.0565276,"epsb":0.00570416,"gsplit":0.343291},
"ee2jets_1":{"val":0.221556,"epsq":0.0501554,"epsb":0.00613741,"gsplit":0.407892},
"ee3jets_0":{"val":0.196072,"epsq":0.0606181,"epsb":0.00496819,"gsplit":0.29691},
"ee3jets_1":{"val":0.229023,"epsq":0.0479785,"epsb":0.00664137,"gsplit":0.436565},
"ee3jets_2":{"val":0.176841,"epsq":0.0680412,"epsb":0.00335094,"gsplit":0.194329},
"ee4jets_0":{"val":0.197539,"epsq":0.0609624,"epsb":0.00500926,"gsplit":0.300252},
"ee4jets_1":{"val":0.229156,"epsq":0.0481425,"epsb":0.00674936,"gsplit":0.437745},
"ee4jets_2":{"val":0.179571,"epsq":0.0667921,"epsb":0.00367424,"gsplit":0.211546},
"emu2jets_0":{"val":0.211054,"epsq":0.0533996,"epsb":0.00586426,"gsplit":0.371839},
"emu2jets_1":{"val":0.215923,"epsq":0.0516995,"epsb":0.00579273,"gsplit":0.386486},
"emu3jets_0":{"val":0.220375,"epsq":0.0508712,"epsb":0.00634599,"gsplit":0.405822},
"emu3jets_1":{"val":0.228385,"epsq":0.0480124,"epsb":0.00653979,"gsplit":0.434593},
"emu3jets_2":{"val":0.176631,"epsq":0.0677521,"epsb":0.00333706,"gsplit":0.194562},
"emu4jets_0":{"val":0.227608,"epsq":0.0489552,"epsb":0.00672969,"gsplit":0.431369},
"emu4jets_1":{"val":0.224919,"epsq":0.0492008,"epsb":0.00648483,"gsplit":0.422773},
"emu4jets_2":{"val":0.181866,"epsq":0.065428,"epsb":0.00389477,"gsplit":0.226885},
"mumu2jets_0":{"val":0.203652,"epsq":0.0569353,"epsb":0.00564082,"gsplit":0.339536},
"mumu2jets_1":{"val":0.20687,"epsq":0.0551669,"epsb":0.00531437,"gsplit":0.347357},
"mumu3jets_0":{"val":0.204353,"epsq":0.0565314,"epsb":0.00589171,"gsplit":0.344775},
"mumu3jets_1":{"val":0.220738,"epsq":0.0505196,"epsb":0.00621233,"gsplit":0.40605},
"mumu3jets_2":{"val":0.177749,"epsq":0.0675259,"epsb":0.00344197,"gsplit":0.200277},
"mumu4jets_0":{"val":0.205647,"epsq":0.0557042,"epsb":0.00606544,"gsplit":0.352002},
"mumu4jets_1":{"val":0.22339,"epsq":0.0498145,"epsb":0.00646849,"gsplit":0.416714},
"mumu4jets_2":{"val":0.180329,"epsq":0.0665345,"epsb":0.00370745,"gsplit":0.215427}
},
"abseb":
{
"ee2jets_1":{"val":0.824692,"epsb":0.0144733},
"ee2jets_2":{"val":0.824739,"epsb":0.0143804},
"ee3jets_1":{"val":0.824645,"epsb":0.0145315},
"ee3jets_2":{"val":0.824679,"epsb":0.014479},
"ee4jets_1":{"val":0.82453,"epsb":0.0148128},
"ee4jets_2":{"val":0.824612,"epsb":0.0145972},
"emu2jets_1":{"val":0.824713,"epsb":0.0144534},
"emu2jets_2":{"val":0.824752,"epsb":0.0143803},
"emu3jets_1":{"val":0.824643,"epsb":0.0145574},
"emu3jets_2":{"val":0.824679,"epsb":0.0144884},
"emu4jets_1":{"val":0.824581,"epsb":0.0146553},
"emu4jets_2":{"val":0.824621,"epsb":0.0145588},
"mumu2jets_1":{"val":0.824688,"epsb":0.014482},
"mumu2jets_2":{"val":0.824736,"epsb":0.014398},
"mumu3jets_1":{"val":0.824631,"epsb":0.014566},
"mumu3jets_2":{"val":0.824671,"epsb":0.014502},
"mumu4jets_1":{"val":0.824587,"epsb":0.0146323},
"mumu4jets_2":{"val":0.82462,"epsb":0.014557}
},
"abseq":
{
"ee2jets_1":{"val":0.152315,"epsq":0.0853115},
"ee2jets_2":{"val":0.151972,"epsq":0.0846764},
"ee3jets_1":{"val":0.152664,"epsq":0.0858518},
"ee3jets_2":{"val":0.152416,"epsq":0.0854071},
"ee4jets_1":{"val":0.153118,"epsq":0.0863667},
"ee4jets_2":{"val":0.152861,"epsq":0.0860205},
"emu2jets_1":{"val":0.152052,"epsq":0.0850197},
"emu2jets_2":{"val":0.15181,"epsq":0.0845444},
"emu3jets_1":{"val":0.152611,"epsq":0.0858004},
"emu3jets_2":{"val":0.152374,"epsq":0.0853921},
"emu4jets_1":{"val":0.153146,"epsq":0.0865081},
"emu4jets_2":{"val":0.152894,"epsq":0.0860716},
"mumu2jets_1":{"val":0.15227,"epsq":0.0853288},
"mumu2jets_2":{"val":0.151957,"epsq":0.0847123},
"mumu3jets_1":{"val":0.152753,"epsq":0.0859338},
"mumu3jets_2":{"val":0.152431,"epsq":0.08546},
"mumu4jets_1":{"val":0.153143,"epsq":0.0864844},
"mumu4jets_2":{"val":0.152932,"epsq":0.0860375}
}
}
