{
"tagger":"csvM",
"abseqstar":
{
"ee2jets_0":{"val":0.0584002,"epsq":0.0268757,"epsb":0.0192814,"gsplit":0.805854},
"ee2jets_1":{"val":0.0774257,"epsq":0.0193676,"epsb":0.0194914,"gsplit":0.869509},
"ee3jets_0":{"val":0.0509754,"epsq":0.0316606,"epsb":0.0183608,"gsplit":0.764572},
"ee3jets_1":{"val":0.084012,"epsq":0.0176592,"epsb":0.0200127,"gsplit":0.885243},
"ee3jets_2":{"val":0.0336529,"epsq":0.0483176,"epsb":0.0151591,"gsplit":0.6111},
"ee4jets_0":{"val":0.0528823,"epsq":0.0311052,"epsb":0.018426,"gsplit":0.772217},
"ee4jets_1":{"val":0.0836967,"epsq":0.0178327,"epsb":0.0201236,"gsplit":0.884304},
"ee4jets_2":{"val":0.0358417,"epsq":0.045226,"epsb":0.0159582,"gsplit":0.639538},
"emu2jets_0":{"val":0.0658501,"epsq":0.0231494,"epsb":0.0192928,"gsplit":0.836416},
"emu2jets_1":{"val":0.0721833,"epsq":0.0208459,"epsb":0.0191292,"gsplit":0.855615},
"emu3jets_0":{"val":0.0749325,"epsq":0.0202515,"epsb":0.019787,"gsplit":0.86303},
"emu3jets_1":{"val":0.0835486,"epsq":0.0177123,"epsb":0.0198236,"gsplit":0.88457},
"emu3jets_2":{"val":0.0335551,"epsq":0.0481415,"epsb":0.0151122,"gsplit":0.610937},
"emu4jets_0":{"val":0.0818861,"epsq":0.0184403,"epsb":0.020134,"gsplit":0.879604},
"emu4jets_1":{"val":0.079801,"epsq":0.0187414,"epsb":0.0198518,"gsplit":0.875793},
"emu4jets_2":{"val":0.0378459,"epsq":0.042496,"epsb":0.0163915,"gsplit":0.663568},
"mumu2jets_0":{"val":0.0575913,"epsq":0.0273691,"epsb":0.0191148,"gsplit":0.80201},
"mumu2jets_1":{"val":0.0633108,"epsq":0.024339,"epsb":0.0186747,"gsplit":0.82492},
"mumu3jets_0":{"val":0.0576108,"epsq":0.0272048,"epsb":0.019638,"gsplit":0.803041},
"mumu3jets_1":{"val":0.0759172,"epsq":0.0198397,"epsb":0.0195997,"gsplit":0.86584},
"mumu3jets_2":{"val":0.0344262,"epsq":0.0471045,"epsb":0.0153815,"gsplit":0.621807},
"mumu4jets_0":{"val":0.0581471,"epsq":0.0266111,"epsb":0.0199724,"gsplit":0.807161},
"mumu4jets_1":{"val":0.0779625,"epsq":0.0192848,"epsb":0.0199427,"gsplit":0.871157},
"mumu4jets_2":{"val":0.0366328,"epsq":0.0442995,"epsb":0.016028,"gsplit":0.648358}
},
"abseb":
{
"ee2jets_1":{"val":0.665217,"epsb":0.0223158},
"ee2jets_2":{"val":0.664769,"epsb":0.0222709},
"ee3jets_1":{"val":0.665513,"epsb":0.0222675},
"ee3jets_2":{"val":0.665219,"epsb":0.022272},
"ee4jets_1":{"val":0.66584,"epsb":0.0225805},
"ee4jets_2":{"val":0.665558,"epsb":0.0223211},
"emu2jets_1":{"val":0.665101,"epsb":0.0223049},
"emu2jets_2":{"val":0.664761,"epsb":0.0222849},
"emu3jets_1":{"val":0.665519,"epsb":0.0223164},
"emu3jets_2":{"val":0.665249,"epsb":0.0222972},
"emu4jets_1":{"val":0.665885,"epsb":0.0223434},
"emu4jets_2":{"val":0.665576,"epsb":0.0222803},
"mumu2jets_1":{"val":0.665265,"epsb":0.0222975},
"mumu2jets_2":{"val":0.664826,"epsb":0.0222847},
"mumu3jets_1":{"val":0.66555,"epsb":0.0223125},
"mumu3jets_2":{"val":0.665276,"epsb":0.0222955},
"mumu4jets_1":{"val":0.665841,"epsb":0.0222992},
"mumu4jets_2":{"val":0.665511,"epsb":0.0222927}
},
"abseq":
{
"ee2jets_1":{"val":0.014982,"epsq":0.119102},
"ee2jets_2":{"val":0.0149292,"epsq":0.117998},
"ee3jets_1":{"val":0.0150269,"epsq":0.119985},
"ee3jets_2":{"val":0.0149901,"epsq":0.119225},
"ee4jets_1":{"val":0.0150752,"epsq":0.120716},
"ee4jets_2":{"val":0.0150434,"epsq":0.120212},
"emu2jets_1":{"val":0.0149548,"epsq":0.118605},
"emu2jets_2":{"val":0.0149162,"epsq":0.11779},
"emu3jets_1":{"val":0.0150223,"epsq":0.119894},
"emu3jets_2":{"val":0.0149884,"epsq":0.119212},
"emu4jets_1":{"val":0.0150847,"epsq":0.121064},
"emu4jets_2":{"val":0.015048,"epsq":0.120334},
"mumu2jets_1":{"val":0.0149816,"epsq":0.119125},
"mumu2jets_2":{"val":0.0149313,"epsq":0.118064},
"mumu3jets_1":{"val":0.0150351,"epsq":0.120108},
"mumu3jets_2":{"val":0.0149942,"epsq":0.119313},
"mumu4jets_1":{"val":0.0150825,"epsq":0.121018},
"mumu4jets_2":{"val":0.0150468,"epsq":0.120263}
}
}
