{
"tagger":"csvT",
"abseqstar":
{
"ee2jets_0":{"val":0.0302085,"epsq":0.00784688,"epsb":0.0329372,"gsplit":1.01439},
"ee2jets_1":{"val":0.0461737,"epsq":0.00480465,"epsb":0.0315919,"gsplit":1.0385},
"ee3jets_0":{"val":0.0253415,"epsq":0.00966137,"epsb":0.0327934,"gsplit":1.00053},
"ee3jets_1":{"val":0.0507696,"epsq":0.00434418,"epsb":0.03204,"gsplit":1.04211},
"ee3jets_2":{"val":0.0128667,"epsq":0.0188184,"epsb":0.0308102,"gsplit":0.926026},
"ee4jets_0":{"val":0.0271095,"epsq":0.00926485,"epsb":0.0328933,"gsplit":1.00396},
"ee4jets_1":{"val":0.0502445,"epsq":0.0044394,"epsb":0.0323292,"gsplit":1.04118},
"ee4jets_2":{"val":0.014246,"epsq":0.0170147,"epsb":0.0315678,"gsplit":0.941048},
"emu2jets_0":{"val":0.0363993,"epsq":0.00622623,"epsb":0.0320233,"gsplit":1.02698},
"emu2jets_1":{"val":0.0422943,"epsq":0.00523888,"epsb":0.0312761,"gsplit":1.03503},
"emu3jets_0":{"val":0.0434669,"epsq":0.00522577,"epsb":0.0324,"gsplit":1.03494},
"emu3jets_1":{"val":0.0504879,"epsq":0.00434123,"epsb":0.0317213,"gsplit":1.04227},
"emu3jets_2":{"val":0.0127851,"epsq":0.0187302,"epsb":0.0306164,"gsplit":0.925748},
"emu4jets_0":{"val":0.0487567,"epsq":0.00465625,"epsb":0.0326383,"gsplit":1.03933},
"emu4jets_1":{"val":0.0473967,"epsq":0.00469647,"epsb":0.0320738,"gsplit":1.03925},
"emu4jets_2":{"val":0.0155561,"epsq":0.0154181,"epsb":0.0315924,"gsplit":0.953484},
"mumu2jets_0":{"val":0.0295927,"epsq":0.00804193,"epsb":0.0329229,"gsplit":1.01296},
"mumu2jets_1":{"val":0.0355827,"epsq":0.0064102,"epsb":0.0313987,"gsplit":1.02547},
"mumu3jets_0":{"val":0.0291945,"epsq":0.0081449,"epsb":0.0337615,"gsplit":1.01207},
"mumu3jets_1":{"val":0.0446153,"epsq":0.00501944,"epsb":0.0318969,"gsplit":1.03671},
"mumu3jets_2":{"val":0.0133802,"epsq":0.0180415,"epsb":0.0309218,"gsplit":0.932177},
"mumu4jets_0":{"val":0.0292592,"epsq":0.0080271,"epsb":0.0341378,"gsplit":1.0129},
"mumu4jets_1":{"val":0.0458708,"epsq":0.00489749,"epsb":0.0323431,"gsplit":1.03758},
"mumu4jets_2":{"val":0.0148878,"epsq":0.0163011,"epsb":0.0314636,"gsplit":0.946895}
},
"abseb":
{
"ee2jets_1":{"val":0.491945,"epsb":0.0319555},
"ee2jets_2":{"val":0.491651,"epsb":0.0318376},
"ee3jets_1":{"val":0.492184,"epsb":0.032131},
"ee3jets_2":{"val":0.491979,"epsb":0.0320471},
"ee4jets_1":{"val":0.492471,"epsb":0.0327116},
"ee4jets_2":{"val":0.492248,"epsb":0.0323233},
"emu2jets_1":{"val":0.49187,"epsb":0.0319224},
"emu2jets_2":{"val":0.491635,"epsb":0.0318109},
"emu3jets_1":{"val":0.492185,"epsb":0.0321623},
"emu3jets_2":{"val":0.491989,"epsb":0.0320258},
"emu4jets_1":{"val":0.492459,"epsb":0.0323943},
"emu4jets_2":{"val":0.49224,"epsb":0.0322126},
"mumu2jets_1":{"val":0.491988,"epsb":0.0319768},
"mumu2jets_2":{"val":0.491689,"epsb":0.0318627},
"mumu3jets_1":{"val":0.492214,"epsb":0.0322017},
"mumu3jets_2":{"val":0.492018,"epsb":0.0320765},
"mumu4jets_1":{"val":0.492438,"epsb":0.0323863},
"mumu4jets_2":{"val":0.4922,"epsb":0.0322297},
},
"abseq":
{
"ee2jets_1":{"val":0.0019239,"epsq":0.138078},
"ee2jets_2":{"val":0.0019175,"epsq":0.135917},
"ee3jets_1":{"val":0.00192977,"epsq":0.139954},
"ee3jets_2":{"val":0.00192526,"epsq":0.138437},
"ee4jets_1":{"val":0.00193634,"epsq":0.141992},
"ee4jets_2":{"val":0.00193249,"epsq":0.140618},
"emu2jets_1":{"val":0.00191963,"epsq":0.137075},
"emu2jets_2":{"val":0.00191512,"epsq":0.135444},
"emu3jets_1":{"val":0.00192891,"epsq":0.139797},
"emu3jets_2":{"val":0.00192473,"epsq":0.138383},
"emu4jets_1":{"val":0.00193774,"epsq":0.142252},
"emu4jets_2":{"val":0.00193325,"epsq":0.140741},
"mumu2jets_1":{"val":0.00192331,"epsq":0.138144},
"mumu2jets_2":{"val":0.00191743,"epsq":0.136036},
"mumu3jets_1":{"val":0.00193108,"epsq":0.140267},
"mumu3jets_2":{"val":0.00192559,"epsq":0.13863},
"mumu4jets_1":{"val":0.00193761,"epsq":0.142164},
"mumu4jets_2":{"val":0.00193358,"epsq":0.140644}
}
}