{
	"btagalgos":
	{
		"tcheL":
		{
			"cut":1.7,
			"effb":[0.802,0.007],
			"sfb":[0.95,0.024],
			"effq":[0.153925,0.003],
			"sfq":[1.15,0.09] 
		},
		"tcheM":
		{
			"cut":3.3,
			"effb":[0.660,0.006265394],
			"sfb":[0.93,0.06],
			"effq":[0.02815963,0.001058469],
			"sfq":[1.21,0.15] 
		},
		"tchpT":
		{
			"cut":3.41,
			"effb":[0.435,0.004647715],
			"sfb":[0.88,0.0538],
			"effq":[0.005714387,0.0004724889],
			"sfq":[1.24,0.18] 
		},
	        "jpL":
		{
			"cut":0.275,
			"effb":[0.833,0.001],
			"sfb":[0.95,0.05],
			"effq":[0.16,0.0025],
			"sfq":[1.0,0.16] 
		},
		"jpM":
		{
			"cut":0.545,
			"effb":[0.680,0.002],
			"sfb":[0.93,0.05],
			"effq":[0.036,0.00537],
			"sfq":[1.0,0.16] 
		},
		"jpT":
		{
			"cut":0.790,
			"effb":[0.468,0.002],
			"sfb":[0.88,0.0538],
			"effq":[0.004,0.00031],
			"sfq":[1.0,0.16] 
		},
	        "csvL":
		{
			"cut":0.244,
			"effb":[0.833,0.007],
			"sfb":[0.99,0.018],
			"effq":[0.15,0.003],
			"sfq":[1.0788,0.08] 
		},
		"csvM":
		{
			"cut":0.679,
			"effb":[0.680,0.0057],
			"sfb":[0.93,0.05],
			"effq":[0.034,0.0058],
			"sfq":[1.08,0.13] 
		},
		"csvT":
		{
			"cut":0.898,
			"effb":[0.513,0.0047],
			"sfb":[0.88,0.0538],
			"effq":[0.0019,0.00040],
			"sfq":[1.08,0.13] 
		},
		"ssvheM":
		{
			"cut":1.74,
			"effb":[0.620,0.00410575],
			"sfb":[0.95,0.05],
			"effq":[0.0232424,0.000874693],
			"sfq":[0.92,0.11] 
		},
		"ssvhpT":
		{
			"cut":2.00,
			"effb":[0.452,0.00326413],
			"sfb":[0.95,0.05],
			"effq":[0.00496875,0.000380487],
			"sfq":[0.98,0.19] 
		}
	},
	"emu":
	{
		"2jets":
		{
			"fttbar":[0.88,0.01],
			"fsingletop":[0.049,0.001],
			"fcorrect":[0.388,0.011],
			"fcorrectmc":[0.364,0.003]
		},
		"3jets":
		{
			"fttbar":[0.88,0.01],
			"fsingletop":[0.049,0.001],
			"fcorrect":[0.246,0.0129],
			"fcorrectmc":[0.277,0.003]
		}
	},
	"ee":
	{
		"2jets":
		{
			"fttbar":[0.78,0.01],
			"fsingletop":[0.04,0.002],
			"fcorrectdata":[0.33,0.01799],
			"fcorrect":[0.299,0.01799],
			"fcorrectmc":[0.302,0.007]

		},
		"3jets":
		{
			"fttbar":[0.78,0.02],
			"fsingletop":[0.04,0.003],
			"fcorrect":[0.235,0.0231819],
			"fcorrectdata":[0.235,0.0231819],
			"fcorrectmc":[0.234,0.009]
		}
	},
	"mumu":
	{
		"2jets":
		{
			"fttbar":[0.88,0.01],
			"fsingletop":[0.058,0.002],
			"fcorrect":[0.284,0.014],
			"fcorrectmc":[0.284,0.007]
		},
		"3jets":
		{
			"fttbar":[0.88,0.02],
			"fsingletop":[0.058,0.002],
			"fcorrect":[0.191,0.017],
			"fcorrectmc":[0.23,0.009]
		}
	}
}

